rnd,uni,gauss_1,gauss_2
-84,72.65500362322555,-0.31186235213283264,50.386165537659735
-18,56.675626386819246,0.712433730058331,58.008030379561525
-96,76.56264209513247,-0.425817906841919,45.29789435868379
92,65.93021336077028,0.2385443861233589,55.186161595457904
-30,70.91651104759445,-0.25347872205987876,50.651341066192884
69,60.06697960397078,0.9275617848573658,55.57920023688861
25,81.42220893428713,-0.9383067099459422,47.185286839163695
-49,53.24401540710803,-0.020761471194316816,46.34599378032438
72,56.86169512188067,-0.6871654086726118,65.78801693058864
2,50.655959273912266,2.463020957193713,52.11411656849021
39,96.29250607330869,-0.25120623675309134,39.99107984106834
75,59.17358089661066,2.066900281569657,56.08278477819713
46,67.81794898552732,-0.08128955210410277,47.6392665052799
-51,62.54691465496357,-1.563271604630192,49.792110418335064
31,96.51015531141587,0.11968634225160131,54.55533976652848
98,97.5550252060192,0.45691929047928026,60.90972962898592
-47,54.539108588065965,1.1952007270406835,57.109997562939135
-100,66.86965974991071,-0.599630058068051,43.81149530385254
87,53.93768222040299,0.8363750529305504,37.31372291782128
5,56.26093195016442,0.4396279000107873,64.21940322308146
21,91.69109588633196,-2.0143305863515995,53.82997408958906
-96,57.42350422257939,0.47683797476405815,48.789321705159686
13,73.58143138157351,0.9837237575232405,44.61670880733242
33,72.19501154884821,0.2110703209943255,55.34837024749643
15,63.33076156800822,0.3726849807733528,46.945448904416104
-66,78.52494705506932,-0.7188307614001808,31.903510617809197
20,66.07808204857713,0.24465301489402982,53.62449163726809
60,50.13422173177174,-0.3564896621945916,59.07432173305123
-51,51.74954018026614,-0.22874304412123198,49.31294967557938
-25,64.17771722469826,0.28547943349335814,60.172450906854806
70,91.76836501813759,-1.1922887160152336,57.463892412095966
82,58.474654939206566,2.991774886848141,56.064289613455486
-86,74.3828376532074,-0.3580743798606122,53.17774521262278
23,97.33775180785707,1.1426689097662561,42.473548593368385
15,82.62512424458448,0.4852464630443218,42.95032835698634
-91,56.3384403395018,1.5051713963362319,38.88085973150932
-35,51.83770508829899,0.3870631801199105,40.0366351929487
-46,96.06728457152673,-0.025002146859426682,50.437147238662504
-43,63.47219447319874,0.03382688900214392,70.15920242818653
69,91.8525839206503,-0.47735919094322693,30.358688861473276
-57,86.5832749792396,0.8188768776497416,43.8409205949981
-10,81.31821744960243,-0.670109594604773,53.948725268313794
-42,54.81507263177506,-0.5757628054350142,46.08986559011664
25,50.51973755383424,0.6180864217355205,53.35246148263685
53,78.89679503647676,1.6638605305039433,43.83604461610825
66,60.13778877745329,1.6085256953018219,56.85443021329973
-85,62.51387910541493,1.2507033288762373,61.24534567855074
-23,83.5133399949055,-0.4496190999585123,56.933959976188305
18,55.61473430606964,-1.359906115984585,54.02149059714538
-83,76.54769737115602,-1.5687790705301463,48.203389164515244
-11,90.21713653913588,-0.8053778922366867,51.610087891821976
22,56.15702249523747,0.7612688803092007,65.71680629741552
-89,75.46429609656391,0.8349914661321275,52.46575858753343
29,97.31579236400968,-0.5349838148322396,55.77408420562732
-100,55.02702781235756,-1.331917249848217,48.69854167181647
2,95.82589830936652,-0.27543028858877955,53.80742142758098
100,62.082896396193725,0.9674067218880923,54.66828052628691
2,89.04043684358601,1.0873300904935612,47.282637203704994
-42,85.71928411181483,0.416731545425637,47.044140465333776
73,91.64571607267433,0.07619746383121662,40.02284407902987
52,64.28113740685585,-0.024179342286391046,64.11965573748246
26,89.68779546683004,0.5411251117384853,51.849135857764075
-73,56.20037951272903,1.3694428814742798,36.48510400060023
-35,96.72892762757414,-1.6136472344540127,37.93508838393098
-90,89.63323637732044,0.3681260256183577,53.07577507532226
21,55.47961497290104,0.3541344175444448,55.09807059282079
-34,66.64449362562162,0.6167139446895673,51.26250005977309
0,93.73559682515733,-0.8711199280786024,44.94521513886624
-94,65.38973528992167,-0.9707166603853259,45.459717548964875
-76,55.03969029457877,0.7147466160414057,45.98685566292032
-50,54.74888290889903,0.19375025556912462,54.92366420170768
-49,76.48430870218596,-0.407133583028023,51.02412251466403
25,60.81558288962792,-0.5092691938991296,49.057343380518915
-88,61.21251557406581,-0.6705048384023923,56.90700598235731
86,64.46083257198887,-1.3093879961622945,44.41848533953417
72,63.80948167246746,-1.236597503610813,58.55368199237811
44,56.04876995884134,-1.2794677246407038,46.2699843924999
-93,76.65996640684617,0.4934994920348561,50.01012081038485
-34,97.37493877402838,1.0669034239461441,37.856367438341145
31,80.45229380526023,0.2778767681008614,39.20754021833237
-82,51.17045437337933,-1.2452157101249708,42.95551746372506
77,80.69735659311038,-0.9060658040607198,62.0586010341101
-22,60.63689752977773,-0.9335996448847463,52.97620496866513
44,62.09071140939059,-1.180506787034629,32.155175724173375
34,67.88821463272808,-0.44097133224922275,61.87376286680699
43,64.96009059056864,0.8564239283550884,36.51327732132595
-56,75.26827978963752,0.5505106920919327,58.09596133325203
-45,64.4538416055046,0.29569062129381696,67.86018977560985
-19,77.05624692683685,-2.173043668938177,49.30385723799346
55,52.50442426720768,-0.32923643253573687,62.04306152099062
-52,52.24229436245349,0.6085379755480401,48.3010230750973
13,65.0378616403069,0.9162795827947273,53.14675882036787
38,65.25864407500174,-0.02710603593721103,60.83671765487101
100,97.18829407897115,0.17632777405358158,54.822571102780365
-82,64.85092462212808,0.24583495389641205,56.5715156184763
-66,90.8775605799064,-0.3197571396305889,54.6984686804845
23,87.13044405734678,0.3747724428676116,57.788482556528
-89,62.559916187409804,-1.290367671819209,69.02215842353274
-97,73.79984307279885,0.4399048924996398,62.83166729848524
-24,92.49536594913164,0.10160752102141006,57.804560461459914
62,79.26233217703552,0.313051702267842,45.26377033564341
-17,54.54728165502148,-0.03438288058566714,41.84339072691567
-30,64.88205723162389,-0.8472254421534954,44.312021946757156
86,67.85658761013089,-0.1870919101361553,47.90305949319983
-49,85.02392006761036,-0.28103542206927035,59.56846579603653
21,69.77370736605239,0.7888811164912681,54.14158644648401
28,83.13454804460721,-0.63595014697102,45.58354785180651
-21,56.77152850838206,-0.3131631585771607,36.4507005808059
81,50.891491990799885,-1.0769541895012311,42.89115511655766
39,59.66033803670794,0.46133099434919916,49.735215942314255
27,96.49950235848397,0.6758345053066634,58.100110772239745
42,58.71941703189344,-1.2203108664330138,54.53555653243419
-59,96.58636604522059,0.375287028021418,41.23618088801746
-72,66.32916156888382,-1.753326574120496,48.42650274026883
-9,73.97733399235392,1.7341309358256618,52.7376573402471
41,64.78458290803451,0.09896988500754632,75.32400074815313
90,66.51645731024114,1.0952195120506825,40.43745337028928
-71,77.99731616898309,0.16175038060073815,42.35727168834851
58,93.82338746914024,-1.6727419316701575,57.039771483213244
-86,75.33612956131905,-0.0665270122979401,50.50885652089801
52,63.36193854421198,0.30147814743889606,46.44031424494952
-86,54.315266713994916,0.920963904054832,46.037939181151806
-10,82.18901247029902,1.451928827170515,64.2045437126583
-79,70.0679288595589,1.0227243952269802,52.184229197644946
88,55.00772348382311,0.030485420752231544,68.53389245910847
99,73.46473620093403,-1.2632908733529529,56.07827518623877
-24,78.80058178668928,-0.2730282322070604,49.01459284414479
-19,77.43013718991772,-1.5873955939724496,43.68372462263491
22,50.00555330696791,-1.663796862565555,40.155059386848606
-22,65.36178532327642,0.591484383847751,55.356500847089556
15,97.61697534902235,0.408287245076567,42.8275023548418
-77,90.11555784443522,-1.716050046817644,34.89012313870445
88,56.3443908095716,1.3669060366823758,46.7551082573669
-80,62.980596736109234,1.8875502071279975,40.935487455103484
19,52.305708423499894,-0.09437370344014111,49.06914942065405
80,91.88664488103576,-0.41678570276505617,33.91675026091096
91,92.81398265615967,-1.9169621053827202,36.82984708292203
-32,74.75806914978666,-1.6820722051107866,45.07784493021778
-50,82.98157370215941,-0.5889699506740241,58.81444723411465
27,96.89148705444018,0.16632157808846537,67.25435283886935
31,68.52760481506806,0.5989875264640147,49.012206984348225
-84,90.0022709511758,-0.28251217132113937,43.91244541213443
-94,86.7582430360451,-0.8875687905586619,61.28657921705664
79,56.96448273043205,1.270512951372981,46.18269637602087
83,66.5163648875757,0.5521580771795929,58.73735111761428
-62,56.09424744944504,-0.07493108303986963,38.013300649496784
-21,94.20416461457665,-0.32667655478042357,24.6730713254211
-95,76.19378671563098,1.0478933234618188,64.03047731078519
-48,80.77220176602819,1.689872733671111,44.78502665635054
4,60.368038573457476,1.0616610110798486,56.93915143558942
-8,86.31546286298953,-0.4588258883704564,56.51419820709007
-41,54.06632498975893,-0.09490068508300062,57.25192295370728
-48,65.10875980693024,0.014424498892221044,54.95279151287262
-41,68.91270117561304,0.3499314877368289,36.88246368541203
30,98.56127373020072,-0.09773628283808766,49.556852978653424
-1,91.18090345117255,-1.8610253786241149,51.10671371447121
98,79.59635962735713,-0.196682600898712,48.459760395565866
69,80.10238192685117,-0.40078871344581934,46.57624992804703
-59,71.54802745602812,-0.17185049333676966,38.060431543609695
7,53.58340317703792,1.3280703775578366,51.50261870595605
30,85.44340282533162,0.3950914404902023,53.67612979879405
25,94.51903164227036,-0.2638770243256852,50.39521825032067
4,62.012046813383286,-1.2306794484688908,36.60057702555577
-5,73.1597340753675,0.026259403143042755,44.26990416235064
98,80.55549764602517,-1.0398534906429142,42.55080746229349
-100,52.09059911439044,0.2417931047507557,49.07753029763163
10,67.66002344913595,-2.087207764567742,35.31267323400323
86,67.5279987333725,1.7068928966636119,56.250521957375526
25,79.60493300927145,-0.6204875957985274,54.22745860796418
-61,66.05829392205696,1.1444069043089382,51.9386401505197
38,64.27883252838471,0.6526977944470573,43.44039742765041
-19,85.12285326016844,0.5833757250557553,53.48204495555774
-24,80.3912950023496,0.7687995906614573,59.26530424587131
36,85.9103689342736,-0.06211898462857474,52.45429981697906
-25,91.46864418871402,-0.7202563610875927,47.20349588851079
-28,77.76478417895251,0.09696741712265897,45.20922850608538
-94,54.2647541434522,0.0824606720811441,57.15498080169826
16,61.472603539381126,1.826104148324945,44.48088806381973
95,96.91379225161647,-1.8053689386097413,47.077543242351176
-20,89.60524327602509,-2.1130085465716144,52.214686749417936
-16,97.65783992586037,-0.5876894196631774,66.66216122682222
71,99.63498156918229,-0.08817705142983727,50.21253199541169
-67,70.00913211063612,-0.3541249917071101,48.35376794038078
-47,58.93513571882812,-0.25486254220957033,66.87188541740817
35,84.64172478582421,-0.04390226560174553,53.11746433449224
-84,60.639438417397415,0.3737765117680536,39.06535178638324
42,99.80966081032665,-0.7755365805852026,63.48770039808683
89,77.95232187368906,-2.4195564009923736,47.08125201487425
-67,57.24187287067255,-1.4155008073730186,64.73613393895847
-43,87.07440411338973,0.1068891096312302,55.17906510069762
-44,89.42902111863896,0.03623007312226803,75.50043866367967
-85,99.1145824634963,-0.430821135426832,49.731604298651284
73,55.71213433707244,-0.1956292069754571,60.0805006279258
78,59.21365293253723,-0.2686471072856825,32.5651176814908
72,98.0973614269779,-1.295772267372743,55.48329537194406
-3,50.50923889137256,-0.5889900623848764,46.09669383314782
-90,66.35755461400743,-0.2138843850212413,46.88767164108083
6,54.12570610141616,1.3500974142887092,44.77150367391962
-5,97.89101907515007,0.14590163038639262,57.16269175167335
4,68.19994123256393,-0.13447183158758907,37.21138571055321
-89,81.43403454163877,-0.2902209002960823,40.28578159555961
-3,88.231768863139,-2.037941676491664,45.98495965930134
-90,88.6879196003027,2.13748121255565,53.51486652101404
-96,60.52914087247201,1.2575477191922049,57.493132742683265
-10,67.1125282655915,0.11114843020658793,53.69319743697084
-77,63.2539123978748,0.695373426145855,50.27346323340395
-1,68.28898254048117,-1.5246382501969278,57.00996985728559
97,95.37510036815476,-0.22020842845298064,57.63336218441611
-35,64.24292414781821,0.2556840416840979,50.517063130073595
-19,86.20609510530653,-0.5450141936415673,61.089572584595075
-64,55.663199020167994,-1.1285580078186248,45.973274728581735
29,70.10763071418364,0.2973995547670255,44.422039466546735
-91,77.61319747285813,-2.1462647555733367,52.770319297858265
30,93.0760207442001,-0.9836299481640843,44.032823649147325
-37,53.81501765046227,-0.8903458419367711,68.21818055833211
94,81.06236121815132,1.1017840876478895,50.55241062747421
78,58.14668966269841,1.7118962063996814,51.97405293973721
25,64.39667559072328,-1.5586840979344205,58.34448077015436
-22,90.83944396107913,0.254288147589938,39.47749917735602
80,50.70774335707092,0.6592002501017391,59.846302823454096
20,51.735171036448726,1.455662774891107,57.70592872415287
46,69.45592367145039,1.8078476909911994,51.056254166498945
31,55.726612299911025,-0.31113347262388824,61.77245652639628
95,84.22326853754655,-0.3998039338132063,37.24714105740123
53,81.94442467287126,-0.16917667158011376,55.78262101682591
18,93.92230374383887,-1.1967628389410936,41.72233567814285
52,51.34699494548662,-1.9309582602968436,50.535264466289235
74,98.5195583769829,0.5810917304671804,44.77698206247207
-90,79.71982166491841,1.2962878593876186,47.36485091462969
-69,73.84121485417589,-0.6243993248198595,59.970616203446866
66,60.98623245825553,0.9276698844747769,49.77152454417482
3,94.92776922472561,-2.240818987398789,44.29789895770501
34,73.79596152454928,-0.49913234721656496,46.93606515516551
-61,83.5215868442425,0.5147248401486336,64.59773303610584
40,94.32403238900952,-0.528704191308633,67.80363946009007
36,56.32063577200282,-1.7132826427862595,50.52470584871499
70,73.00152370137033,-1.105479294715584,47.955684368623906
64,62.005770629733696,-0.859440264943576,53.01124666185751
26,95.73560693572558,-1.7905789232847802,50.14481710842914
50,72.35428041038737,0.5380277024790491,44.71650857233982
62,60.7181043021527,0.770135563543849,56.034556126456835
-29,98.55578568597195,0.9196444907569508,48.29215910141363
-8,84.6198427965699,-1.5455197141735129,55.25957633713012
90,95.71129889322265,2.0873427219804452,51.033576376138605
-95,73.7054140186439,-0.4944110901911707,57.04986209357942
-100,62.400817654032664,-0.5912169841610515,43.51109604158008
-71,54.75050400905213,-1.2497860958963873,49.384648270189324
81,56.14402464591497,-1.3943858274483072,61.99354846075336
-6,75.1000852170462,1.365814717770576,47.85192834017027
-73,58.54725469370044,-1.0631082088412074,43.42381852955756
-4,63.34651854068461,0.46686264393922977,43.433659859449925
-93,82.18675655710766,0.3808345511715321,56.67928566999636
-29,59.06664881981095,0.19897644623888744,47.39408857594125
-94,78.30504283468778,0.5253780203637738,63.80732995768135
-8,51.383832918230254,-0.46939284409588444,51.13391686878411
73,85.54543379399041,1.327249324376301,51.8718392533538
27,83.9602667837247,0.8765551683559946,48.44411627176184
-38,70.29083733861059,0.9921232700605767,51.5818557270678
3,72.2710291739453,-1.313765807335241,42.06419694848049
-63,51.837753248930085,1.3778717403190133,53.45585037571118
-45,66.61539468735015,0.41585256873962767,49.4018527478206
6,78.30336951700988,0.7498144502687486,59.82731446832493
-31,80.86697634226988,1.369434430301384,41.404346670570106
-2,91.76857241043471,-0.23659479924236454,50.60878998261783
68,72.84728149569071,0.3184175271804279,69.33023659099621
58,51.66527358913598,0.881587942190595,42.3675416495593
-97,98.5047192301048,2.1843459736795583,44.066022310251796
-85,99.88051220514788,-1.8728252437713269,30.72551279811897
35,76.50611152924004,-0.6652701700351572,30.355221361543187
11,63.22589617171083,-1.3545555923858137,53.47428995701582
74,54.13502691848502,-1.5610940377346185,50.89881874316689
35,98.00298333527692,0.8701312385200873,49.923673527379485
27,69.86362365679213,-0.7646488197480709,37.671375661675086
46,94.64803474145253,0.593154104227305,47.67301683759058
-59,75.25848308602293,-1.1607988890778593,37.63171921755404
-83,67.45030712491771,-1.0665707156910074,53.12764816269994
24,75.54451609915625,0.1320473333124794,31.816402509870887
-42,68.60952353757187,0.9056894183965538,47.49104211661043
35,78.1847257998531,1.5339823632587932,51.03796851476319
29,59.040108171852765,-0.23524999656035087,45.16545156643309
82,54.959222052528204,0.09006059263132728,48.2174934029647
-13,91.55420068761671,0.5031287340329565,61.02361446046171
15,53.96912896943874,0.0021403427107792184,37.96335811252214
-39,99.06947191129944,-0.43674781828939324,43.70145325295368
-55,86.72059122426444,-0.09878556402471535,46.0859277597028
-95,56.439910875668154,-0.6016224176974672,46.913989272652756
90,83.83055266874909,-0.021565360015742316,58.532973670282566
-11,91.0400828583823,1.4944150746723837,47.86547360550697
-11,75.03958111395141,-1.1348952179943428,54.50863408699964
-9,98.52292406492234,-0.45126600050763555,35.04711872374492
42,68.16169872840109,0.0020610181158647696,50.7468656606763
88,50.783558970600126,-1.406835053022577,50.87338581648507
33,99.36479101840047,1.9008930872013725,44.7675141386395
-80,98.26159127107258,0.7742882636090416,45.170043781613565
-25,95.39554246384904,0.2804345461668578,40.88915139927542
-19,97.76442935026387,0.43906408532651675,60.75244247500825
88,80.76976085231718,-0.2203752638555809,51.62023768209002
-17,50.28914988660758,1.1246528238577398,49.86725881530937
-87,73.84042344119646,0.2531792674211439,62.12484028648912
79,65.96581470966281,0.5275980585804451,59.6383934995846
92,70.86469349478791,1.3170372499026792,50.80382148914238
64,93.03594545260106,0.30071564303123094,45.78127573386017
98,53.304465115264996,-0.3099231837532487,61.493856673817646
35,90.36776345273981,0.21466684302693625,32.60319533831496
51,99.10913317099735,0.86233339516248,43.65356384126297
86,62.13905407937945,0.9136908975088648,23.30864394161176
55,64.21529296384614,0.039392508578325325,58.35807581027092
0,73.35388829536325,-0.14755778314179355,45.34331115252503
98,99.34012815332039,0.8274045291324559,43.41722058642094
-71,88.81136568058436,-0.3094627998494515,40.88529785309056
91,55.76452319324643,0.15853140506960212,34.43629491621995
-22,78.9656643450701,0.3461499419192754,58.1368898411678
85,68.42386017828386,-0.888923159871881,59.026513164232554
88,70.92938531718987,-1.428623983093857,45.864129502618155
90,93.38266441742937,0.561787100683198,30.86090122668328
-53,53.57008657161809,-0.8900146471617745,48.903051572974064
20,74.7146010669324,0.3321013446752041,54.95943439421972
65,84.67734720496102,0.05316731355501006,61.41349596817928
-33,88.24809620246077,0.6870082900959602,49.92157271111553
100,96.46174336030357,0.8312740929012732,51.00807070207189
65,53.442460619399654,0.13524681205353475,56.303816735682645
81,50.23092424464607,0.8430535510779308,41.51601147291515
55,58.26554753071679,0.48319001063806355,56.164846725712266
-54,54.29813217374689,-0.23357630479211758,55.41467343026754
-99,55.921401873663086,-0.04794769891411542,55.71238128515341
94,99.8637468199565,0.30966109459715474,54.6714075538639
19,90.0171714287857,-0.5458110051139239,60.96840036763245
96,91.74479679361306,-0.5082412682134606,62.5971143739002
-74,73.89295599774707,1.313450155275406,60.15417652964669
69,69.30101256227654,-0.9789540392572982,53.65654770375591
9,89.1213238034929,-0.6398020963371613,54.38679084842218
-58,75.64257386398971,-0.5548907277646709,57.171630528337126
-8,67.63134385518146,-0.4643778099371208,43.813893111261656
26,62.57896793398314,-0.6453699777311365,37.02487771229336
67,90.70734942292128,-1.1864990200820187,46.95972613201191
74,95.46056297058041,0.4956407852898874,53.87433770920427
35,80.41275765529417,-0.1290394134606754,61.16366296463562
-9,83.42179526007064,-0.2647391410295968,34.73783459538158
74,81.07711650754675,1.9208365279214699,57.134148609124416
34,81.99484183690019,1.1644187536343078,43.0373908796711
-45,52.66442407648174,-0.6386738760395474,40.669608516656524
45,60.43722005684282,-0.8615989906229327,22.332952880855697
-96,57.23508625919753,-0.7097692964198575,46.553407732830415
8,98.94844782937822,0.26788682274227327,45.493567976601
-25,88.794610514865,-0.1837246397856662,57.750273477688296
0,65.72468871229421,-0.6211822348889384,43.45819145300114
-38,87.9545991310396,0.42468638573860734,57.34714692401324
99,99.01107195741244,-0.032064577734517825,46.03132439590346
9,82.27872529816008,-1.7994801502608941,40.18314147605211
74,52.39096908438809,-1.1685102589009269,43.830343728427536
74,63.04732398065209,-1.2545798931292007,71.26186290219066
-46,81.91473648353555,0.32776863132632045,64.02960488349066
-71,52.7416316213299,1.43101102736161,56.15331417972069
20,55.49392401915079,1.328761526647576,33.41985385641637
57,58.31071949263758,-0.5274947159428013,72.05387992260691
-53,83.63746047649386,-0.23960877550638568,62.01581819329092
58,52.875727040712746,-1.2712617114846099,44.32039556558257
31,72.1047197320753,-1.8770034556601016,47.848764896881995
-86,99.13891212866835,-0.4304554757337042,45.68106014824129
91,97.48497711303014,0.9031620280611106,55.2815896660405
-92,88.98602662454938,-0.05006321824154827,57.07636985613436
52,70.6086025643881,1.0421670627379584,45.04584048889804
4,86.37204890551382,-1.1274309266527187,49.4190593875142
-67,51.43540699142169,-0.021633022549546365,80.02783185131234
45,70.5814153624735,-0.42097147212293184,37.11533076676182
-57,61.009584739984675,-0.6734289037723086,63.61907974765874
62,89.5994593014683,0.6772473563360037,51.33734921542725
88,76.55351735329927,2.516999873131539,42.1745752337396
-67,74.1762670969822,-0.8390426582085609,45.1920439612544
85,80.09279384782093,-0.20299581137509,53.24652451648066
66,80.94703706747949,-0.05991956544950269,50.36730728544701
3,96.18977036699627,1.2900956824698022,51.68401109801805
-59,66.37869199723677,-0.19816354294860378,52.61540154767389
-25,60.76848079330138,-0.5981984145619721,45.611869193304855
69,93.50490979535388,0.3468041340342813,47.98391215663729
-22,70.33868818799269,-0.4055751423623573,43.946792011732484
63,86.4109289925406,0.29601322461525303,54.683103765471856
28,92.44548704697056,-0.21537148841722276,55.22945148535813
-31,88.16491622286563,0.6899718582761356,42.943940809011856
-82,91.44570362897932,0.9025172163019648,59.22765952345243
26,97.02042518059133,1.1981449536482895,59.5881454661588
26,75.81577034135357,1.3497131862760754,36.78361492899043
-23,63.010350185843166,0.8491859453955632,57.72903141008864
-10,64.50659391553548,-1.5925742051420333,40.78762273399154
15,81.18342232887127,-0.4708502387328135,48.61619150368848
-47,65.42133663322447,0.566718790054086,58.087160315218725
31,56.019946643794114,-1.8447624973348153,47.66864747765212
64,99.15640658728469,-0.05793291700844893,40.81927692435268
-26,51.8541157635278,-0.5613324996055727,29.398787317850918
16,57.598133840336615,-0.811531087113284,37.24148275283257
-18,73.04267586624175,-0.03657925149417861,49.99713159421444
77,54.33459311516572,-1.0584313963870506,49.20844372734158
-93,84.16205179325421,0.4213267625686914,59.730057024033314
-29,67.08006480141924,0.28339394681833063,48.67397686552099
65,96.41478109355837,-0.13886130727121085,42.910463264380866
53,52.00294726824657,-0.08194484156878463,44.899108764588775
4,62.72200735686809,1.2027818579140297,49.031759815163596
89,64.50923601728866,1.1252350115257055,50.17059036191175
42,61.45845522210419,0.2891170350123451,49.36533212482488
-42,91.48793538322255,-0.9721548937572209,52.272217900606165
39,70.9314289374374,-1.2883724102484937,55.75442271082448
-81,81.77950971434028,-1.4606795868536906,45.773522693475826
8,94.72845525094039,1.1096368266834198,48.351613189876325
61,50.66313735876478,2.3559354212934283,38.31874431719788
-18,51.533133464901596,-0.9497700384109153,52.444029300922864
61,92.2776719353642,-0.9887913621193425,64.58488330936467
-60,99.96342700868286,-0.9004541502028196,30.53663920416516
-93,58.69197257961904,-1.3355308001298283,59.599199190329244
60,56.39372596036952,0.11738055681143042,63.87717026966109
90,56.73388312177472,0.888398984300822,46.91656179970604
-71,95.89065210781325,0.4249641179362249,46.21577569771546
39,96.2783529795644,0.6857316208801775,41.82344719445481
-52,93.27351149590275,0.02344255197108249,62.08944026078238
75,89.7493665516026,-0.5244311585301926,50.684984548854764
20,59.906177886452525,-0.4560008494604226,46.79414534026006
13,78.17258514204529,0.1154145122162653,36.83223276993108
-40,54.32577063766712,-0.5301830271767451,41.6841848842637
-52,95.2322089053996,-0.8309672488623527,66.4057838109262
-93,90.3848455204051,0.3601908581819005,56.82175389512307
19,56.889267241061475,-0.2437547113326125,56.01810217625478
7,77.7344343691137,-0.7707765025916572,58.29298302115171
-49,91.25448303051508,0.19471522406610237,40.799330487876084
19,76.51261803141671,0.4816592377456369,31.987234912613832
66,78.0930086802009,1.0096670341470915,43.63195084110414
-40,55.44824839107096,1.1036657799986702,34.16992608490014
25,65.64671093579813,-0.11366575871520566,62.220159969240115
81,79.31097766909598,2.0006728133183604,48.00709890602358
43,78.37215303225344,-0.07840759572225665,40.670111120391816
84,86.87268959474372,0.9387776931385391,62.98686400404482
76,84.15637424382226,-0.1864796144361698,51.65695999715048
-16,53.74461050371247,1.0063607231354879,46.375685910124034
89,70.34038339212981,1.6442854962278044,59.39615957131787
-42,79.21628959860115,0.5241008434373422,52.94781989824362
-98,69.42683732145814,0.2694383409225106,55.05661668476304
-10,77.65604785181543,1.9668601977792812,56.43235464033612
-8,78.02724065252596,-3.2595434571835393,59.502788570121766
-9,53.68025256111305,1.2412644122270915,33.38165663483737
7,75.9276430107182,-0.3560502044598383,52.41677746664409
-12,72.2388950683154,-0.8126528472010744,63.02255276820475
92,74.64276522108298,2.0036011027749328,62.47728372210186
-35,72.75400055406641,1.4185290372902473,48.33226644142215
-86,82.15362110723842,0.5080649528495496,58.911698902844606
-32,71.88539311758345,-0.01253515174129846,52.12455747107759
-32,90.1778417410419,-1.4378445840380258,45.87392887217149
40,73.81805369845804,-1.4554013241230945,48.48334425507217
19,90.69454975591867,-0.42216512775459963,48.334689202600096
-98,94.54297257462142,-0.663718713738118,41.09967280719218
-18,53.07701064047373,0.8363889249876462,29.20065815763297
-30,54.91066909707767,2.8517367147374033,41.379965687091186
-29,80.22987138540405,-1.2463518507603604,38.34395919605793
79,76.7727350462537,0.9959743590752064,59.68947728783759
72,99.72199340962635,1.3825445696783658,49.81782578791303
56,53.59074807270084,-2.405423506927061,50.72440369915041
-56,82.98608424081712,0.8066530639929474,62.04840822736806
89,95.76751945933052,-0.018941304262931783,49.04776736060166
56,62.12062498829269,0.025911958158178153,60.32559907576534
64,98.09709065594794,-1.8268881158306194,51.2458834748579
-83,75.75728767574962,-0.9692637361142828,40.292631460067874
-38,61.392576865697976,-1.1355747750611698,44.32545053377314
-41,92.74735397743389,-0.9153485569977307,58.266526130151995
6,94.72714102816282,0.2954176689704913,50.98550259436798
-96,75.69308174522224,-0.3381567364721183,53.86943244250384
-67,92.35892227948445,-1.327107249961044,52.21689913951016
-40,53.63995149724267,1.1133721037866051,44.855298240156195
-38,99.7505778513943,0.06748462230287712,39.3531056590145
83,84.46045946724287,-0.17429693810082908,40.13372072335187
72,82.79016858225116,-1.6455310359316146,44.98675019280706
63,52.343819623052816,0.8444616195648661,37.20059227494463
24,98.35348017294996,0.6938200671336805,45.27396702058622
-64,72.97523877749863,0.07824279474525918,58.05856891637743
-25,75.42097010108776,2.533629420618873,34.426478279274164
-49,80.81941093476601,1.0079060850438335,62.834575032807884
2,83.72644433206742,0.2879909765676335,57.80940253038281
-11,69.00386701823,0.25518052541500436,43.94929073327443
68,67.12003736625954,0.2501989305862952,71.374866447706
40,92.97438624971875,-0.3339423146116486,53.794387986509975
-9,52.0827698299495,0.007359567833056414,37.08021782724243
-44,89.52949567465713,-1.7261198648394163,38.978363283434625
86,69.33336638685734,2.198822796179409,54.92127257603199
41,54.28785598729826,-2.212269128165231,53.35510668441976
53,71.48836616931536,0.8576270775522458,51.43745899051868
11,77.13839106356902,-1.9462627462284097,42.19737793722773
-61,87.60393568066146,1.4180090789542434,36.77150627819286
-18,87.55469967599002,0.15825316344758686,57.105724641565516
-65,99.84515969763015,0.8856678067184176,51.962888773619
-61,59.23414851756414,-0.16136575793332045,42.219043579160854
-63,52.11970448847131,1.4618584459634858,43.27897799671432
-58,74.58108792664795,-0.7602394674078408,57.98548300462203
-1,73.94885072774773,-0.6808280390057645,44.87287734840595
-11,63.451062538506655,-0.7340052080539353,61.20218752827826
-42,59.380768469573994,0.14981615802233322,40.743957001065894
15,87.72082720424399,0.19427723108358522,43.822377134471
5,94.76198864060835,-0.9173824893516129,49.34899494094793
-74,52.483635349283425,-1.3056408477691035,47.866660346811805
49,58.44699260843424,1.0756528801393042,56.70318462898501
27,58.625577030635085,-0.9813370986431184,56.714987132756946
-87,78.66708272309988,-0.6438014847204315,33.40780099191078
95,66.85379872552795,0.3625130022252805,38.09917578297327
44,76.55343158410635,-1.104889752791496,35.43319812725116
-10,81.76678457968121,0.3456554128194992,53.434192145413256
-21,69.42588329981365,-1.276653104201041,48.210968194909455
-55,79.03920035581228,-0.37414566338544936,45.346091215586775
34,86.0998262129443,-0.6003030797680055,54.90242619199124
47,76.86470557879639,-1.2790225597016955,57.994604723564265
29,69.20371049977015,0.7830819741906155,67.57099267861659
-82,91.83527864617125,1.1268420710582683,53.86171054675874
-20,85.82321159537005,-1.00244310989692,70.47600197209454
30,56.91401471782014,-0.7595441513877699,36.948075106889476
0,66.65105977543519,0.24969140592119515,63.801319341136505
88,92.13884835081205,-1.1178817552570277,48.771566435481326
46,84.19018645795738,-0.7360518470086592,48.624645829675345
-58,66.79675362754514,0.041711840142988975,57.701376369451054
-67,97.62852962629444,-0.5104741180877114,72.82415686048341
51,51.022537709130276,-0.07498233264500746,37.97568279819462
94,81.43916157342464,0.30178790024028884,63.276412849401254
-54,88.06299807943844,0.658969918793455,65.62986377372506
82,97.5923620141636,-0.6819600778044977,52.17368986261146
81,77.58930361188118,0.18791892410467423,43.54772347365341
67,75.69624402940036,-0.27373923187099825,62.97202525206746
78,95.08708384487372,0.13448030569737973,41.36288159033055
18,93.75254351115836,-0.9557000587839468,36.26216775674451
-57,63.82475356254136,0.5099496247220768,58.856569198001765
-66,57.29887028342313,0.7963964377895297,38.84377602611801
-90,82.99770768774448,0.5939171059415159,43.96878579574346
33,86.50098681902097,0.7508231618726893,54.29988514778282
-6,74.75833469987454,0.8225655511758163,34.6610481087798
-9,96.94180104106147,-1.9234551600282037,39.73500223120525
-34,74.11126644575074,0.03572492906163156,36.82899770485044
-41,79.17874970375269,-0.12438228323851108,54.3930537237115
5,57.76588435383029,0.2717912807633616,48.901199770484126
-50,60.46805218300197,0.3250736179415892,44.991166443261996
68,82.79345588392277,0.06389926592089974,49.73109004622991
-5,65.57727504228629,0.815943464689326,46.848066503620615
28,88.4877116969821,2.00147091442326,48.605644031414364
60,70.36481216492982,-0.010038983759606986,42.61076353967561
-88,86.4920615160899,-1.6258804224719252,49.90429168898582
-50,58.74603445621682,0.3267670279413617,43.10215258998997
70,61.6907856179154,0.23768209369625887,44.365271392116135
-59,81.71336854516396,0.474190252763372,41.97934244524194
58,99.56654397437853,-0.26867409461925057,56.33804387056889
-96,79.50887235149764,0.6276665213452274,52.18216233140771
-69,71.58144816357554,0.4689211738420296,51.43504810694388
-91,67.003277814772,0.9820090065380694,61.09017970075795
-38,58.54254371824034,-1.802940153558965,44.849065713774046
-67,84.47102914803843,0.1371445651508071,52.00368231319149
59,95.47367054637435,-2.3667780830022482,45.965626834307535
49,85.21906256497029,-1.5392820225651611,55.31860004749021
3,77.77518392128631,0.3114476040213665,43.31578905580545
-83,69.15050413848738,-0.2774331272363537,49.82220257092787
-89,73.65368255934271,-0.538845326483009,37.60225718438033
83,79.83876036635377,1.2758186323324454,52.50307424453556
-93,57.53283079905526,-1.3762218524389378,50.89719700272885
29,74.94567658457967,-2.106450356503228,50.15669623012096
-21,51.721425134223736,-0.8458012848218461,59.65533035210677
55,77.88715290966564,-1.3652665666441,29.63122272329994
-99,93.59732364238039,0.7021249552103684,38.723770350734
45,50.12892032556353,-0.5978935447535578,54.57138111436801
74,98.3698303669803,0.183252965836866,39.93079396430217
-16,89.89585967702294,-0.4995113402525315,58.75712373969539
2,80.96143965973575,-0.2355531110555544,54.33181469430258
24,81.11985476276516,-1.9654380826879545,60.48988113064067
47,79.02896217951172,0.23972302420575833,36.84275336147171
-26,64.0098127330873,-0.8918574389490262,51.31271017366769
33,61.900153937404504,-1.6932416806675366,51.01270787746521
86,57.53805135295539,0.40649688592716726,53.67282507574029
-80,65.14800548166444,-0.8667744185755992,54.28352193032016
89,88.21327414920599,1.015168773526101,42.12480122566959
-15,92.3928124772873,-1.5236537394443146,58.95917431817733
73,92.12088015872624,-0.6566591974340663,54.65220371519934
-80,81.66713843666581,-0.32368095719724277,59.01455094032229
-8,70.07344318642143,0.3617767016214491,42.529723325602184
89,73.1843295871861,0.5086698379098984,66.26639286202513
-70,50.87005115309561,-0.026285991555529853,57.184078474377884
65,51.443818729232646,0.2106023250260307,44.40218193055866
1,66.9298016040847,-1.4448616039548066,69.32128240259041
47,65.82702426804539,0.2017317662891659,61.428774090686275
29,71.43338070314896,0.12512564414291666,45.472144409078595
-91,65.00356327417907,-0.08409325011603587,46.37485558486858
-53,75.00733123899279,0.20398871472421706,36.6144723680579
-21,96.77489723633636,-0.0015141770125634009,60.29097984221485
-8,99.43802603831111,0.01156310310722455,65.5047208677474
-75,75.4889385291022,-0.8703182975949262,54.21077162906149
-47,52.61642805859632,-0.45817225832969727,55.72559483977689
-20,50.65412639344086,-1.7905651760487369,54.60167233645832
-100,55.059700536859424,-0.605505348086595,71.13979677168167
69,64.259912537248,0.5734123871746645,43.003721053281254
60,94.72122764440266,0.38194758705662,47.854671232363756
-27,77.27600447191242,-0.29389863044395537,46.8746888583302
-18,76.89416541229795,0.23744544749642907,39.88286495230301
-95,82.14192254413753,0.8519212504205284,58.13779778264748
-43,92.27836396436916,0.026174012719651064,63.41534758405632
-14,90.26341620951652,0.07950531867690316,54.3317391922549
17,96.36339709307092,-0.1142458300638735,67.2733140925503
79,86.68303690840679,-0.1354069065061653,42.30135833775647
57,95.32250477918791,1.161308178352454,43.28563204042222
-94,78.6073303173516,-0.006732318702727489,46.714200142565126
65,94.91200770346317,0.4058206516362822,44.81734970987276
-50,92.98195481865241,0.030668327710941676,46.93437891214232
13,86.39155484490087,0.3688814909846626,62.65840140750913
-73,54.844508776267,0.7170804631138993,48.55150245256261
-96,79.18253104829037,-1.3516924074215246,60.32392580073898
-53,71.04094312442132,1.6393621883339569,53.058617191444654
40,91.08739384531434,-0.4862976767298082,30.969483114606636
73,99.65463490811975,-1.1506330998110947,64.31583881337255
100,51.28688627699867,-1.559384275727324,70.38561949489079
-56,53.98654586238213,-1.1357002225349637,55.43969381622112
91,69.62509403301274,0.8454835259745279,53.255816170972274
-90,92.14450966323543,2.0320052621128433,48.5540194230016
8,60.4250093002304,0.8084332915771729,51.07428306637946
-2,86.76415277995281,-0.06154241786324486,47.58722428825953
83,82.21685245657173,-0.7372637277691376,37.35982269102139
-47,90.70915414089671,0.5525303086762663,55.506974664029656
21,88.22437149409855,0.2691453779733624,36.17358581267265
-83,56.39843498594466,-0.027749233538606668,57.07080414118885
-71,90.5477185472427,-0.2528674822555535,52.853388518840106
-34,88.89232064025134,0.3690560511938114,51.21412910755807
-79,60.83568961616877,-0.17792095544527112,56.97799200960959
-48,78.51024228525834,0.803902494606204,45.99159982981754
-45,95.35132706281578,-0.43013155534805103,60.57747772569206
-72,59.94314864702384,0.36358133171777324,44.327202688149285
11,90.82372021603686,-0.224585712358398,42.45553926207369
-89,84.6801147220624,-1.2975791618502623,33.23588556708317
47,68.81125690422546,1.4261484269312634,44.36083610016776
84,78.69995788222889,-0.12218543935547416,49.59495200418559
-51,79.5196708080631,0.47126495549022407,48.26735672358669
97,93.9403524479849,-1.5035583536919412,42.38103336168011
-73,93.64361209479864,0.5971166375991952,54.35503418910706
-47,84.43352335877681,0.9145629962060274,57.08421363555424
-63,73.86819005929999,1.7277534025045478,43.34170833068202
-48,94.50536351873606,1.280025803200536,53.914244846457024
-7,65.10628196688441,-1.087235684652648,44.53416076966486
38,57.037520220321895,-1.798104335716955,62.57987296627775
0,55.90777938740333,-1.4871168845523546,56.23121282469836
98,72.94580468416808,-0.3053215538945274,62.91260459732705
-90,51.52036303977275,1.4415999245592517,60.35382926561101
99,98.90177584695118,-0.6146833890661563,52.75678006784274
-39,82.82383697623806,1.1535749423220931,49.197528633754935
-23,89.0306000028587,-0.44288775611644354,41.29845969010569
-34,80.2031776237123,-0.989279485674942,44.53510068238207
8,76.86545845261642,-0.22615194978274264,55.78589097655816
15,93.98748785339224,0.5119512886314825,43.70892918665008
70,90.91575673939032,1.035091050887616,48.68703989583114
70,74.52652588007788,2.9113404574960318,38.601668331001044
-49,82.69442351657969,0.9047244342304869,52.0033354841137
-84,86.39013355774364,1.1235547515001647,61.1365600670235
-52,61.758732375408854,-0.9963499782117335,43.03623434541438
82,54.267612524603244,-1.121501349009794,47.80913351038759
-42,74.34357676760925,-1.0806904583492138,52.40335279500632
79,63.17437703065693,-0.42810177593281235,39.36427203600001
-73,64.79536204071746,-0.3433352174083437,35.92463697649321
61,86.596298096714,0.3987441031235663,43.88256539336896
53,86.16645255797907,0.02300165352584533,43.87869585476389
51,97.84126442072065,-0.5901921933836323,50.905926659930316
67,61.38819953573527,-0.6015299085648238,54.538010370009665
41,98.01072327138482,1.3814347150076565,53.5399920763738
-90,67.81533499646399,-2.045403862399577,58.93393807264787
-100,76.42421748191123,-0.3878286372981013,51.73085200087735
28,72.4813095509389,-0.03987577222823081,58.830703635881115
74,57.604331644033806,-0.08125261542155049,39.626616877684164
5,58.05811514593883,0.758719954355957,50.10214876073582
-100,66.99482651288874,0.3121995257154375,69.60794426908387
8,83.93232746174192,-0.3941923933107836,50.93980407402768
58,63.043200013890186,-1.045846953031452,58.443618897187555
49,76.37816893129673,-0.014009999131413037,38.793541468293476
64,68.98069090681034,-0.4710248514045444,58.55243184030493
-12,99.51462040645835,-0.9237349756391171,49.241072069616614
74,53.29025816638179,0.2606408085649452,51.749882275093604
-23,94.14657366511229,0.38267409154355786,53.144701579346254
63,86.84142335680588,-0.16110712446239178,55.46785960579961
-25,76.7076385759899,0.5124360635464348,56.05111721520749
71,62.4795753224888,0.1440707556422528,62.010330719184225
-97,57.01447205896372,-0.46754372253000304,47.332274879517755
-23,84.06681961266483,-0.8087129553482213,47.02117439366125
33,61.028816614386464,-0.6229110904723301,60.77153284824242
-65,73.64069994852807,0.2706380046165835,59.42287642401688
-50,97.01350166182864,0.10360862993183349,45.70906870475689
-14,82.72273164023619,-0.6319342720939004,43.02627109180045
55,90.89393885140495,1.3626371385179623,49.820129426846506
27,77.08299649087381,-0.25076118126773306,39.98528218247297
-86,75.7557706987231,-0.6228453051628169,58.01305230245986
46,52.85657438426149,-1.5278962528036404,33.95873435057098
-83,57.045888343027926,-1.3301666308368092,38.40694604372878
46,98.51815668218802,1.3076234605301846,51.67053591782978
-97,67.76963016765167,-0.3046602489107393,45.17016899549006
-77,65.62277464531361,1.9433190594895253,47.738086924508
65,68.11032302060785,-1.6200648721416906,45.54012573670395
54,87.66365039842859,-2.6131868006482604,39.01596736788494
39,66.1466489702972,-0.02152401684237233,39.0657861264867
18,83.85441820606641,0.6639376138038817,53.002459924112316
24,72.04350938334308,1.6283469864696665,38.43422599894598
-71,77.13875269280851,-0.48239074053673753,61.83942025880959
42,54.877176745252456,0.6500253225434888,50.325707948183435
32,77.8573581264637,0.07856401108297034,56.85029611546511
-98,67.27528225796623,0.37323402191719657,47.312383617930514
-74,80.04059466381662,-1.1441155116287975,46.818018275647376
29,50.783326469010056,-0.5184536372723197,47.80219473616517
-16,58.28116425388462,-0.2745257795604288,46.149859239559994
-12,94.31803364716274,-1.1920700901331547,58.56466909570241
61,67.1052134288824,0.4669117374068,26.615191599984172
14,79.43819558140547,-0.7532157827424808,56.08147948360352
-52,54.977300976457855,0.04861920044881005,60.53697680244938
-79,65.45835222496783,-0.23358417487217803,58.24547778758589
18,71.61015746125378,0.7502522697283545,43.93110741895528
-27,77.99001039359104,0.5077874023812188,42.262460272774696
-75,65.26228828860278,0.4818533697978481,45.262091907853616
-30,69.09696378462354,-0.846193502009877,61.21027990332911
-92,93.69009914829125,0.1600519521716565,35.070693301084205
-69,52.86176960361116,1.2536962304055803,50.25732390858555
26,84.17348144937279,-1.4163480171706286,37.19539002057176
-6,82.76767784924903,0.1329535066228898,57.16028953133401
56,83.2708869365845,1.3113360481630931,58.200363326416706
25,92.25655826619311,0.15532632282930195,35.644485696254186
-23,86.97123412475611,-0.20547965642476634,33.30460113736937
-56,61.36952302985069,-0.3634142059818619,47.53855886005115
-10,58.24886349622666,-0.883841613907441,47.77590166594456
47,73.29602651286487,-1.2903370294374026,56.484035653093514
90,50.05085521038189,1.1291943161483715,56.91169681539951
80,55.488079934128024,-0.5823753000247214,39.04586020526938
-71,60.89462976457791,-1.0129409844402284,52.01147460916201
95,70.03552656923327,0.6495194480791983,48.90957403645753
-93,60.01472117284428,-0.9153720214317206,54.02305508823473
69,50.28180873739532,0.741834520943513,37.38604518303184
-25,90.71322824636442,1.2449741129062193,51.61100417803116
-78,51.47193378327602,-0.6336729085514125,55.19187851555475
-91,78.25486490693505,-0.26721395946914867,42.13005330887717
23,87.53895776742412,-0.5312340573702778,45.12591296886231
-21,83.80565221050155,1.425778954189592,47.88104053956662
-89,84.92407375764245,1.1859065664164077,61.10725040319396
-79,74.90657830242539,0.20857978079065834,61.732331017575554
-82,70.54325518236526,0.2373083771008355,55.68139764330824
64,72.22050275421967,-0.20656024465745149,67.98510171004129
69,53.48717111366997,0.7113398860564145,49.34844742522887
46,86.22089358809572,-1.3149967627116466,61.1254531290706
46,55.88434798087073,0.7140502993873921,61.531875773291404
97,90.78606683814417,-0.7550631440938596,50.67897848166171
38,82.2486619627919,-0.3307841532505785,56.088420465072225
-13,69.95763935962378,-0.7031425248930817,65.37827153724487
15,52.83014477063599,0.9764170610020079,45.393809319983376
-51,90.83380243697721,2.1636673154152954,54.102799598734094
-16,59.334789543621284,-1.129786128552311,54.148217344864754
0,76.14593944423353,-2.5812336177141053,34.996298881838754
-94,94.14648477929649,0.36816344502494985,37.80270766485863
-86,93.82482211645078,-1.6489719305400683,51.74786677974781
-75,76.17889606411568,0.6197800909498447,65.33691924619299
28,94.2552755797216,-0.6572967880946714,50.36838545897685
69,58.835059285053816,-0.2565070826289927,51.210516861028665
-89,70.57186520994142,-1.4470971225555507,67.62573737014921
68,71.31068207168335,1.144945170162799,42.17772533678155
29,93.73758643965067,0.9069687818376981,55.18548863745043
-30,94.83963481971782,-0.5499566055080314,56.14068550452904
31,80.48100698783371,-0.00041420154363845993,47.40314254333945
26,59.662028230815736,0.7340220235042602,44.364249627573145
79,51.886443498298235,0.9107864945664573,54.586625733892774
51,66.46139918210476,-1.1109239244618694,46.39626541390089
38,52.731216276849175,0.5205063109739086,47.63846137768868
-72,50.77551300295292,-1.456850974521432,63.643847621539855
-25,67.2105930822294,0.772827663546997,43.47446291942785
-95,91.03936249668402,-0.31920161045382267,51.46898812331997
82,83.92865247550874,1.5172430009380662,52.97267342845856
49,86.38825418700134,-1.3937391686173912,40.93581708887582
29,51.04130839010441,0.3643921148999314,49.86194804263015
-18,95.71805116720705,0.39275756371528076,60.29167481184861
65,97.18570382212872,-0.6365478962381125,51.204829854204675
40,86.41077858704969,-0.8782121413983257,55.725531581157426
30,69.94888766311955,-0.315653388135028,46.14615374263359
-21,58.17550990237362,0.06655032988775055,47.76690497475493
-45,99.97142962698977,-0.15980446706303272,48.77568512560989
18,87.45485460787222,1.1685196419669217,36.82342909255886
-8,67.30692700179344,-0.6501390724504744,52.67391508637795
-97,92.18645419686158,0.40058337765100616,35.64325461157
-83,61.53876195575049,-0.7175995788240787,54.70507853592864
54,87.43513306006415,-0.9905796485018095,39.89394402706658
95,98.80682040719915,0.5920604383308002,47.50339814060815
-20,72.3227931422817,0.00148757672991929,59.907122460777515
-34,97.02364493130074,0.8129402261724402,52.42047326746394
-98,51.446247657516835,-1.4737144526473092,45.904871948959006
11,59.18369550814309,0.18172069354462436,63.42498686278536
-68,71.06188843926854,-0.2671399073524573,58.70094255958126
-53,60.421431076662785,1.197441650811328,46.84043049969125
40,98.45870611225305,-0.06952070990715205,32.947844531460305
-22,99.7968795421148,-0.07416197192912347,36.742983803757895
90,57.4513055524557,0.6234067807593603,43.01172380086669
-41,56.302034851937066,-0.35057680650788153,42.350626138915366
53,83.75021350350201,0.8004389948890192,46.61962286449738
74,66.56940795634739,1.2307801616808587,40.873923644519984
66,73.81988956177035,-2.2304933573068966,50.76159683068984
65,98.10788427372029,-0.7009443120564731,39.358248844943674
34,53.93922664437037,0.942725254976489,44.584499432668196
-74,94.56166686837139,1.8124181347112223,51.379831212092334
26,86.01305104856307,0.4673516811797575,56.06649840210267
32,88.81178121041859,0.525887263132286,40.653195768061686
20,84.88391792016355,0.968284191921589,61.5689004431563
15,91.20733821546901,0.3264977651631133,49.712902685888764
72,54.649294052032985,-0.1164813634949338,29.221880691848167
-21,87.60532786806073,-0.4711555711568956,43.37081753160369
-70,71.79266865070606,-0.24400167495398498,60.04360799068398
43,52.49531082072165,1.103127538260533,58.297436662115246
18,57.009346041178716,-0.11469125895012205,50.07259614482002
-7,99.96272084934354,-0.2978917477299016,44.9526242697593
-62,80.33426887608064,0.8471449654786297,73.3241053603178
75,99.97948130311502,-1.6205924869280297,50.19403532768196
-70,84.42038112526703,0.0876310746551391,30.053816318506648
12,76.8437466149013,-2.2834038263627154,52.237508967014804
-99,76.96063065992908,-1.5783566187901064,56.37152515311406
63,82.14377997828709,0.28069268914753226,63.00384488493061
-48,50.62764826199109,0.4233567104450096,65.48632941647399
37,51.19547301957307,-2.0572482472147704,56.741165568988194
95,64.39162502656802,1.1755070196831077,54.32324159293496
-43,97.48333365777941,-1.732834229439187,46.86415289360435
-47,72.29771160810715,0.9793615163606246,48.08933729715422
-13,63.15675080157916,0.19675244341965578,54.895181595400025
75,53.54374653700672,0.4053955188106584,46.62065184381937
-57,83.48860701709287,0.11925692136126298,69.46779710806446
44,89.60618051423829,-0.3868699750385065,48.9163811067052
28,75.58726663947255,1.9054193749588038,45.82404137485486
-10,76.51611927357071,-0.07771296920586315,48.172151898819756
92,65.54932135823364,-0.1762644650743901,71.64828327525217
67,77.2222661918504,-0.49171407494901886,44.1770555686968
-23,91.57376834741541,-1.208583387779556,55.50353771254622
87,99.00220333926517,-1.0701325132677633,29.48835721418788
1,73.05271432951011,-1.4613050573665103,56.25349378916664
-2,57.74196786197046,1.6382723655750533,45.624440422156454
36,54.7466699216934,-0.1517967797783887,56.61658418013532
-53,95.93624380656917,-0.5318351604104312,48.45478088799197
68,55.237181193602844,-0.16349505457132998,43.19315531804227
-47,82.95357447863185,0.6890837275182929,39.61815112216037
44,88.94794822841918,-0.1895724891752872,50.54548017475619
-15,74.57313109281827,-0.45003852555580826,60.96983658424809
34,86.09917235348757,0.9038289316586443,47.253875050279476
20,96.82939267063286,-1.0353307467152482,33.53251006512777
83,94.60243457515178,-0.6570938926516174,56.573849193406375
87,90.16481677469403,-1.809554691356181,63.34293138655288
0,52.23382154071018,2.3417684153262406,51.95450831860134
-86,63.27717937833398,0.876710088782254,43.82539915912007
-1,98.51831437806257,-1.4330597939839829,40.51305652029127
50,76.65969269318704,-0.5815219072430207,43.7691902619761
69,87.53309435957979,-1.025335244687764,55.42497322642039
-26,81.08732285703654,1.3486154344313113,43.848449649674045
-47,81.79615059866782,-1.8516157155040291,58.886899919774066
42,77.19183855667093,-0.4447045842591921,64.13654588245693
71,57.93271441651027,0.5525260175546348,46.64177028579236
10,97.56519251842434,0.8608266478437278,37.156023509881194
-4,86.78781170712648,0.42010882038446073,59.50964114055597
-52,62.35965615166998,0.38047247177260096,53.07461490939629
70,75.32002840291055,2.778563296553648,53.3245742898902
-46,63.51256865271316,0.1592846321074703,50.325589406117935
-92,66.98561240685466,-1.1544487925114917,54.74534103831049
-42,93.65558612924848,0.31559423630295985,42.92839651089702
-52,88.10367716643322,0.7088254826783967,62.9686352363815
78,98.8144345596288,1.0229983301342653,54.08800339782425
51,84.43507659972519,1.1426520686602333,52.075095035122644
54,50.36670643232743,0.5972873533371709,58.1729603176975
13,72.97882353166503,-1.191008190451616,56.136657237012564
-33,56.22752709646512,1.467830894445266,51.70814571143728
55,99.39538247829113,0.3763404481683822,50.43795541842135
34,73.2343024421247,0.05805675827463517,53.756918948161946
-71,53.20350764933434,0.5387610456509271,50.87098060744172
-3,73.42632771342448,-1.486225266244989,52.866374934227665
-35,81.80211127517437,0.295325127308172,47.015977789656276
-93,73.42915014916481,1.1583456057080157,67.38846546591446
-82,82.40005473584341,0.004273526854737076,51.97300577304091
-82,72.92321368826956,-0.9096888120732631,40.574083005749074
-25,81.66778163948695,-0.2496286655388322,50.84990087012822
26,84.69582443443157,-0.06876016668950446,35.48478451892142
38,84.64940796187597,-0.9185564409847959,46.69725225120351
-82,53.54777488106108,0.43608168970922767,53.62397680469984
-89,73.79712337388571,0.2479534449574453,43.123126713098216
-8,87.84435582938055,-1.167290382520513,63.76612295043653
-37,69.68577079305825,-0.09358904395700261,39.71315687836009
-75,82.8771433566445,-0.31698831649329856,54.90165107695634
-2,69.6392257090443,0.3172887516577978,44.02882702769148
-100,76.0767103322861,0.2658335466477925,61.58127362224863
43,97.05849145344374,0.5671162937025455,36.47303812085147
93,95.77991147537955,-0.03194996741789417,42.134974572289046
-22,62.99773000006045,0.9819450554724686,52.121199085807525
62,69.75180704462394,-0.24344879929355887,54.82677879415788
83,50.676677562296526,0.332175422683794,49.15920454244825
67,80.11767550293939,0.22394249163764526,25.850505959251727
15,55.23999899020404,0.4439147441101038,53.087670550515014
-8,86.44398335944592,0.07558615158406408,61.250214693292776
-58,93.29865400884688,-0.3642876555196624,42.60605434842634
-85,70.97047864955795,0.24329059696879296,51.36366733082176
-85,54.733514902988084,-0.9390078248858008,68.04985989200608
57,65.9208170073078,0.1835867873370699,63.107209758368434
-10,51.7185257146946,-1.6698146915534413,59.41801804106868
78,68.7231088226927,0.5692405504075517,57.76314682897596
-90,67.17989090015095,0.262332722509733,63.49558239555571
75,51.428370452201364,1.3402386898076237,59.411747257413715
99,69.1198742942255,1.2193976178905779,38.031561721984374
66,51.26410401330753,-1.3119171932220284,46.297826658333285
5,93.50867790764505,0.7937388437050459,48.35364544349918
-4,61.592313679116806,1.4434193490393876,46.44311812340231
91,52.694310114302084,0.5129040188729436,56.07634352346329
-13,56.70525717490777,0.17529988045283182,38.34436917089811
-21,98.32974057450832,1.0226678878397015,49.196099582985134
32,76.64806251695718,0.2341096307746926,42.78172491941641
53,78.895311427661,0.46304642130206425,37.25684514753445
76,76.59258689494945,0.5474592340381348,51.671442011151974
3,96.52210337086035,0.26581458614433606,49.10085139595007
81,69.84123595635015,-0.5509418962111885,49.16213016135113
64,96.28446228566821,-1.1789943651372867,41.90978719837635
6,81.70332035328042,1.1240328734966065,41.679134659393235
98,86.29977210982094,0.960857743633285,41.528546540283344
-17,86.53587398973897,1.506347716897025,66.40649716552726
-69,61.033312214121395,-1.5083050816676984,41.68997803866074
-30,87.08931917204644,0.022646065535333205,63.20563287092702
31,88.30880747304661,0.5263348219893205,43.73864388229349
92,89.44152301263414,0.5129737153884568,53.124874241225506
43,86.44900791292156,-0.2147577995453825,60.99751498878276
19,81.72122691159169,0.9270549248797004,41.772027124218525
-67,77.26279012745891,0.466830322976868,42.08367028940206
7,58.101075002995785,-0.5655275050826023,43.25856988459515
-40,92.19365091435063,0.4521083112149566,53.814712365231635
-14,74.93830261346791,0.756004370287078,35.41957042345103
90,65.4955929307525,-0.08482427433677756,37.62314684352029
73,75.2921475543917,-0.12319345160792718,48.15526103802197
-20,61.63471121920343,0.0745691202682944,53.47614039881207
-88,52.525399539100086,-0.35091852167950505,55.1241992822502
-48,61.120566680476514,2.2250459982712947,55.45598415314637
-32,86.8683292073555,1.7087296314007525,30.09631999606068
-42,97.03166472487446,-0.9296388334902008,49.44822274608305
-58,62.367400730818886,-0.04302400984458755,48.37618941130683
5,89.95585021593425,-1.1647436077498554,44.31372221113001
-5,81.79100836287932,-1.648566500432165,41.51807158930203
-81,74.62557769297584,0.27834786869253797,65.36207386112555
38,87.0645654014602,0.8785034403654376,46.69891444894903
50,57.099093432447376,0.24105423669457726,52.34567094309116
-76,60.83058362366091,1.460646846029215,51.25631009182032
-98,57.115489703182405,-0.6303027343247218,54.588653590663526
-21,51.792749830062625,1.1278005904300152,44.1312931574528
80,79.10788609701243,1.0628423895122903,53.05317413873006
-98,90.6791329587623,0.31815163088544013,61.06670782374128
-54,74.1596017777756,0.026202814225277867,65.09407084326477
-90,50.4653576643955,1.6491659201551692,35.17282466825894
50,88.89074703795346,0.246159880372772,45.555328738340336
-60,63.21049747364429,0.8152275016364391,29.299554776713858
-68,62.515334658635155,-1.3344272144678933,50.31233285747264
45,93.64214312908366,0.45289403589310134,49.214159053075015
19,82.48009290322872,0.22062310584026978,61.13187626281772
96,50.85995295457394,-0.4370760702396033,46.27846545289773
-84,79.21459639251098,0.47515580332405083,58.31953112264226
29,84.77399079782734,0.11292711393040587,54.081412558804146
-11,86.50109150868415,-1.08902201938826,53.94673002478016
-59,70.7256094535456,-0.3761080997539512,54.800966779272414
-55,98.57389117673544,0.9914041234700574,55.0946001128882
70,79.58109404032935,-0.48314702113159086,35.16156739245288
47,95.55888555239844,0.43355135712318293,55.275046440078796
12,54.18618639280614,-1.4905644242249605,52.589626893944725
-46,63.459843496691136,-0.14428057789324084,61.82305503297506
34,70.21393520134563,0.8843457739508913,20.56758636207998
64,53.04145063492469,0.43355401651880643,34.97836298009675
0,69.64145468918548,1.5759814610068017,43.88535099346542
-53,81.349032538327,0.5344971878840418,68.35842558727899
45,65.9055913530056,-1.697075210070575,43.16674452545885
-59,85.62198111434064,0.0657619223581336,50.28665444467338
-78,65.12006657893147,-0.4240620732858887,39.853858076544775
-74,52.858443142743155,-0.22213513357154555,38.011455165644065
-33,62.50334619468643,-0.6525489473901525,53.992521398369526
5,77.1896385576685,-1.1219621746279786,46.693208769775545
12,79.17999772518577,0.2379290751986196,54.601162472517416
-84,64.08583688404872,0.5372109344066592,45.79937857264977
54,52.247404396176435,-1.3513334197149427,65.64035513370632
32,84.12415295357756,1.8201462498618806,43.52412641380067
41,93.5503400341263,-0.5467383753169723,56.344395336720055
-72,69.01099388304247,0.92776708796715,44.89353694292711
50,89.9352840384129,-1.7511080945686996,35.495219214410966
25,99.60520472841972,1.6677204457029084,48.34155775858505
-34,62.93744865804264,-1.5324318118831577,49.31758446594505
-59,77.85175877037723,-0.28472931147157965,44.46029644583486
-48,80.4888812278977,0.7000165600950841,50.69782879533776
29,96.64001679422728,0.6389821847638043,40.33779429438398
62,81.59601385233422,-0.4147585869002703,48.545239837931824
-60,84.77619434182253,0.03420644883957534,70.41556024226877
-26,79.87734691303034,0.3915974900599287,41.57249652524993
-36,96.2277770042623,1.2769820552870348,67.87138308845532
28,68.02645863268631,-1.1805241743042556,55.53991186528023
11,71.59228819903849,1.152987677167406,49.569088607900134
85,55.69762345064328,-3.248670097520963,56.93414903933517
72,86.63864961850345,0.4035703805624738,47.977121364242116
41,86.99829519789836,0.6519256123697609,60.13750574025653
89,64.02595655789423,-0.35001450163648024,47.31731717499609
-6,75.92460008842534,-0.3417031838844106,33.964020950373694
89,86.36528457763305,-0.1821351324810954,67.06284934378598
-8,58.38813545368888,1.056933353917182,34.93564276579631
84,87.3724511430991,1.2677906573810043,51.87607355270519
-6,93.1473707682998,0.8638167982908941,43.90975738264884
28,55.23373101329549,-1.437968434928981,47.92701000470525
-62,57.496879023586565,0.31252458032333563,31.95845137117942
-34,85.76241015042163,0.06329397443815069,42.06436620022134
44,77.27702496371975,0.8733032943644299,53.46132491009669
-79,56.22880181212275,-0.38106146429344057,50.418364581228225
98,76.4586306005688,-0.0013227383662913874,68.75958211647915
51,80.09694115825978,1.5186049753384547,50.442651952345955
-33,78.61594755488471,0.9896001447971808,43.14171767102655
-80,81.07011736006024,0.8264651818415607,53.0895534531248
83,94.5410453637291,-0.5356941250638014,46.41847879059377
82,78.96402872972331,-0.8234738227054798,35.203908223629426
-53,95.24011233022946,-0.02645849177606122,43.44890320330339
-27,97.83106218286562,-0.8546755487723458,45.6852791807145
-69,70.14283334175276,1.5185676918703115,55.37973619538572
